PrimaryIDNo,TrackNo,CompanyName,DBA,Title1,Title2,textbox17,Address1,Address2,City,State,Zip,Phone,AltPhone,Fax,Website,Email,MailGroupDesc,PrimaryAddress,ComplaintAddress,CoServiceDesc
30001,EL010007,AUSTIN ENERGY,,AUSTIN ENERGY,IMANE MRINI,DIRECTOR CORPORATE COMPLIANCE PROGRAMS,4815 MUELLER BLVD.,,AUSTIN,TX,78723,5123226144,5123226144,,www.austinenergy.com,imane.mrini@austinenergy.com,Company / Physical,False,False,MUNI
30001,EL010007,AUSTIN ENERGY,,AUSTIN ENERGY,LISA MARTIN,DEPUTY GENERAL MANAGER & CHIEF OPERATIONS OFFICER,4815 MUELLER BLVD.,,AUSTIN,TX,78723,5123226457,5123226457,,www.austinenergy.com,lisa.martin@austinenergy.com,Company / Physical,False,False,MUNI
30001,EL010007,AUSTIN ENERGY,,AUSTIN ENERGY,STUART REILLY,INTERIM GENERAL MANAGER,4815 MUELLER BLVD,,AUSTIN,TX,78723,5123226817,5123226817,,www.austinenergy.com,stuart.reilly@austinenergy.com,Company / Physical,True,False,MUNI
30001,EL010007,AUSTIN ENERGY,,AUSTIN ENERGY,JERRY GALVAN,VICE PRESIDENT CUSTOMER CARE SERVICES,4815 MUELLER BLVD,,AUSTIN,TX,78723,5125053552,5125053552,,www.austinenergy.com,cassandra.ragland@austinenergy.com,Contact,False,True,MUNI
30006,EL010016,BARTLETT MUNICIPAL LIGHT DEPARTMENT,,BARTLETT MUNICIPAL LIGHT DEPARTMENT,ELIZABETH GUERRA,CITY CLERK,140 W  CLARK STREET,,BARTLETT,TX,76511,2545273219,,2545274280,,bartlettcityhall@sbcglobal.net,Company / Physical,False,False,MUNI
30006,EL010016,BARTLETT MUNICIPAL LIGHT DEPARTMENT,,BARTLETT MUNICIPAL LIGHT DEPARTMENT,ELIZABETH GUERRA,CITY CLERK,P O  DRAWER H,,BARTLETT,TX,76511,2545273219,,,,bartlettcityhall@sbcglobal.net,Mailing / PO Box,True,False,MUNI
30006,EL010016,BARTLETT MUNICIPAL LIGHT DEPARTMENT,,BARTLETT MUNICIPAL LIGHT DEPARTMENT,,,,,,TX,,,,,,Utilities.clerk@bartlett-tx.us; cityadmin@bartlett-tx.us,Contact,False,True,MUNI
30008,EL010023,BASTROP POWER AND LIGHT,BASTROP ELECTRIC DEPARTMENT,BASTROP POWER & LIGHT,CURTIS ERVIN,ELECTRIC DIRECTOR,1209 LINDEN STREET,,BASTROP,TX,78602,5123328900,5123328900,,www.cityofbastrop.org,cervin@cityofbastrop.org,Company / Physical,False,False,MUNI
30008,EL010023,BASTROP POWER AND LIGHT,BASTROP ELECTRIC DEPARTMENT,BASTROP POWER & LIGHT,CURTIS ERVIN,ELECTRIC DIRECTOR,1311 CHESTNUT STREET,,BASTROP,TX,78602,5123328900,5123328900,,,cervin@cityofbastrop.org,Company / Physical,True,False,MUNI
30008,EL010023,BASTROP POWER AND LIGHT,BASTROP ELECTRIC DEPARTMENT,BASTROP POWER AND LIGHT,LARA ALLEN,ASST FINANCE DIRECTOR,1311 CHESTNUT STREET,,BASTROP,TX,78602,5123328800,5126296139,,www.cityofbastrop.org,LALLEN@CITYOFBASTROP.ORG,Contact,False,True,MUNI
30010,EL010026,BELLVILLE LIGHT & POWER SYSTEM,,BELLVILLE LIGHT & POWER SYSTEM,SHAWN JACKSON,CITY ADMINISTRATOR,30 SOUTH HOLLAND,,BELLVILLE,TX,77418-2129,9798653136,9798653136,9798659485,https://www.cityofbellville.com/,sjackson@cityofbellville.com,Company / Physical,False,False,MUNI
30010,EL010026,BELLVILLE LIGHT & POWER SYSTEM,,BELLVILLE LIGHT & POWER SYSTEM,SHAWN JACKSON,CITY ADMINISTRATOR,DRAWER 817,,BELLVILLE,TX,77418-2129,9798653136,9798653136,9798659485,https://www.cityofbellville.com/,sjackson@cityofbellville.com,Mailing / PO Box,True,False,MUNI
30012,EL010019,BOERNE UTILITIES,,CITY OF BOERNE,BEN THATCHER,CITY MANAGER,447 N MAIN ST,PO BOX 1677,BOERNE,TX,78006,8302499511,8302481538,,www.ci.boerne.tx.us,bthatcher@boerne-tx.gov,Company / Physical,False,False,MUNI
30012,EL010019,BOERNE UTILITIES,,CITY OF BOERNE,MICHAEL MANN,DIRECTOR OF UTILITIES,447 N MAIN ST,P O  BOX 1677,BOERNE,TX,78006,8302499511,8302481538,8302481326,www.ci.boerne.tx.us,mmann@boerne-tx.gov,Mailing / PO Box,True,False,MUNI
30012,EL010019,BOERNE UTILITIES,,CITY OF BOERNE,CRYSTAL BARRERA,UTILITES REGULATORY SERVICES ADMINISTRATOR,447 N MAIN ST,PO BOX 1677,BOERNE,TX,78006,8302481538,8302499511,8303319708,,CBARRERA@BOERNE-TX.GOV,Contact,False,True,MUNI
30014,EL010014,BOWIE UTILITIES,,BOWIE UTILITIES,,,304 LINDSEY ST ,,BOWIE,TX,76230,9408721114,,9408725702,www.bowietexas.org,,Company / Physical,True,False,MUNI
30014,EL010014,BOWIE UTILITIES,,BOWIE UTILITIES,JAMES CANTWELL,,304 LINDSEY ST ,,BOWIE,TX,76230,9408721114,,9408725702,www.bowietexas.org,jcantwell@cityofbowietx.com,Contact,False,True,MUNI
30015,EL010021,BRADY WATER & LIGHT WORKS,,BRADY WATER & LIGHT WORKS,,,101 E  MAIN ST ,,BRADY,TX,76825,9155972152,,9155972068,,bradyco@centex.net,Company / Physical,False,False,MUNI
30015,EL010021,BRADY WATER & LIGHT WORKS,,BRADY WATER & LIGHT WORKS,,,P O  BOX 351,,BRADY,TX,76825,9155972152,,,,,Mailing / PO Box,True,False,MUNI
30018,EL010018,BRENHAM MUNICIPAL LIGHT & POWER SYSTEM,,BRENHAM MUNICIPAL LIGHT & POWER SYSTEM,WILLIAM BISSETTE,GENERAL MANAGER,200 W VULCAN,,BRENHAM,TX,77834-1059,9793377400,9793377510,,https://www.cityofbrenham.org,Utilities@cityofbrenham.org,Company / Physical,False,False,MUNI
30018,EL010018,BRENHAM MUNICIPAL LIGHT & POWER SYSTEM,,BRENHAM MUNICIPAL LIGHT & POWER SYSTEM,WILLIAM BISSETTE,GENERAL MANAGER,P O  BOX 1059,,BRENHAM,TX,77834-1059,9793377400,9793377400,,https://www.cityofbrenham.org,utilities@cityofbrenham.org,Mailing / PO Box,True,False,MUNI
30019,EL010010,BRIDGEPORT LIGHT & POWER SYSTEM,,BRIDGEPORT LIGHT & POWER SYSTEM,MIKE MURRAY,CITY MANAGER,900 THOMPSON ST,,BRIDGEPORT,TX,76426,9406833400,9406833400,9406835995,,mmurray@cityofbridgeport.net,Company / Physical,True,False,MUNI
30020,EL010020,BROWNFIELD MUNICIPAL POWER & LIGHT,,BROWNFIELD MUNICIPAL POWER & LIGHT,ELDON JOBE,CITY MANAGER,201 W  BROADWAY,,BROWNFIELD,TX,79316,8066374547,,8066379369,,ejobe@valornet.com,Company / Physical,True,False,MUNI
30020,EL010020,BROWNFIELD MUNICIPAL POWER & LIGHT,,Eldon C Jobe,City Manager,,,,,TX,,,,,,eldonjobe@hotmail.com,Contact,False,True,MUNI
30021,EL010027,BROWNSVILLE PUBLIC UTILITIES BOARD,,BROWNSVILLE PUBLIC UTILITIES BOARD,MARK DOMBROSKI,ASSISTANT GENERAL MANAGER & COO,1425 ROBINHOOD DRIVE,PO BOX 3270,BROWNSVILLE,TX,78523-3270,9569836726,,,www.brownsville-pub.com,MVDOMBROSKI@BROWNSVILLE-PUB.COM,Company / Physical,True,False,MUNI
30021,EL010027,BROWNSVILLE PUBLIC UTILITIES BOARD,,BROWNSVILLE PUBLIC UTILITIES BOARD,ESTELLA SOLORZANO,DIRECTOR OF CUSTOMER & SUPPORT SERVICES,1425 ROBINHOOD DR ,,BROWNSVILLE,TX,78523,9569836255,,,www.brownsville-pub.com,ESOLORZANO@BROWNSVILLE-PUB.COM,Contact,False,True,MUNI
30021,EL010027,BROWNSVILLE PUBLIC UTILITIES BOARD,,BROWNSVILLE PUBLIC UTILITIES BOARD,CONSTANZA MINER,CHIEF ADMINISTRATIVE OFFICER,1425 ROBINHOOD DR ,,BROWNSVILLE,TX,78523,9569836722,,,www.brownsville-pub.com,CMINER@BROWNSVILLE-PUB.COM,Contact,False,True,MUNI
30022,EL010024,BTU RURAL ELECTRIC DIVISION,BRYAN TEXAS UTILITIES,BTU RURAL ELECTRIC DIVISION (BRYAN TEXAS UTILITIES),DOUG LYLES,,205 E  28TH ST,,BRYAN,TX,77803,9798215825,9798215700,,www.btutilities.com,dlyles@btutilities.com,Company / Physical,False,False,MUNI
30022,EL010024,BTU RURAL ELECTRIC DIVISION,BRYAN TEXAS UTILITIES,BTU RURAL ELECTRIC DIVISION (BRYAN TEXAS UTILITIES),DOUG LYLES,,P O  BOX 1000,,BRYAN,TX,77805,9798215825,,,,dlyles@btutilities.com,Mailing / PO Box,True,False,MUNI
30022,EL010024,BTU RURAL ELECTRIC DIVISION,BRYAN TEXAS UTILITIES,BTU RURAL ELECTRIC DIVISION,MEAGAN BROWN,PUBLIC INFORMATION OFFICER,P O  BOX 1000,,BRYAN,TX,77805,9798215859,,,,mbrown@btutilities.com,Contact,False,True,MUNI
30023,EL010025,BURNET UTILITIES,,BURNET UTILITIES,,CITY OF BURNET,1000 BUCHANAN DR,,BURNET,TX,78611,5127566093,5127566093,5127568560,,utilities@cityofburnet.com,Company / Physical,True,False,MUNI
30023,EL010025,BURNET UTILITIES,,MARIA GONZALES,ADMINISTRATIVE SERVICES,,PO BOX 1369,,BURNET,TX,78611,5127566093,,,,MGONZALES@CITYOFBURNET.COM,Contact,False,True,MUNI
30024,EL010029,CALDWELL CITY GOVERNMENT,,CALDWELL CITY GOVERNMENT,MELISSA LUTTRELL,CITY SECRETARY,107 SOUTH HILL STREET ,,CALDWELL,TX,77836,4095673271,,4095679233,,mluttrell@caldwell-tx.gov,Company / Physical,True,False,MUNI
30024,EL010029,CALDWELL CITY GOVERNMENT,,Melissa Luttrell,,,,,,TX,,,,,,mluttrell@cityofcaldwell-tx.com,Contact,False,True,MUNI
30027,EL010043,CASTROVILLE UTILITY SYSTEM,,CASTROVILLE UTILITY SYSTEM,SCOTT DIXON,CITY ADMINISTRATOR,1209 N  FIORELLA ST,,CASTROVILLE,TX,78009,8309314070,8309314070,8309316373,,scott.dixon@castrovilletx.gov,Company / Physical,True,False,MUNI
30033,EL010033,COLEMAN MUNICIPAL POWER & LIGHT DEPARTMENT,,COLEMAN MUNICIPAL POWER & LIGHT DEPARTMENT,DAVID W HARRISON,SUPERVISOR,200 W LIVEOAK,,COLEMAN,TX,76834,3256255747,3256255747,,,david.harrison@cityofcolemantx.us,Company / Physical,True,False,MUNI
30033,EL010033,COLEMAN MUNICIPAL POWER & LIGHT DEPARTMENT,,COLEMAN MUNICIPAL POWER & LIGHT DEPARTMENT,DAVID W HARRISON,SUPERVISOR,P O  BOX 592,,COLEMAN,TX,76834,3256254116,,,,david.harrison@cityofcolemantx.us,Contact,False,True,MUNI
30035,EL010039,COLLEGE STATION UTILITIES,,COLLEGE STATION UTILITIES,"TIMOTHY R. CRABB, P.E.",DIRECTOR OF ELECTRIC UTILITY,P O  BOX 9960,1601 GRAHAM ROAD,COLLEGE STATION,TX,77842,9797653439,,,www.cstx.gov,tcrabb@cstx.gov,Company / Physical,False,False,MUNI
30035,EL010039,COLLEGE STATION UTILITIES,,COLLEGE STATION UTILITIES,"TIMOTHY R. CRABB, P.E.",DIRECTOR OF ELECTRIC UTILITY,P O  BOX 9960,1601 GRAHAM ROAD,COLLEGE STATION,TX,77842,9797653439,,,www.cstx.gov,tcrabb@cstx.gov,Mailing / PO Box,True,False,MUNI
30035,EL010039,COLLEGE STATION UTILITIES,,COLLEGE STATION UTILITIES,TIMOTHY R CRABB,DIRECTOR OF ELECTRIC UTILITY,PO BOX 9960,1601 GRAHAM ROAD,COLLEGE STATION,TX,77842,9797643439,,,,tcrabb@cstx.gov,Contact,False,True,MUNI
30031,EL010037,CPS ENERGY,CITY PUBLIC SERVICE BOARD OF SAN ANTONIO,CPS ENERGY,SHANNA M. RAMIREZ,"CHIEF LEGAL & ETHICS OFFICER, GENERAL COUNSEL & BOARD SECRETARY",500 MCCULLOUGH AVE.,MD: CT1501,SAN ANTONIO,TX,78215,2103535689,8008701006,,www.cpsenergy.com,smramirez@cpsenergy.com,Company / Physical,True,False,MUNI
30031,EL010037,CPS ENERGY,CITY PUBLIC SERVICE BOARD OF SAN ANTONIO,CPS ENERGY,DEVI KUMAR-NAMBIAR,"VICE PRESIDENT, DEPUTY GENERAL COUNSEL",500 MCCULLOUGH AVE,CT: 1201,SAN ANTONIO,TX,78215,2103532069,8008701006,2103536832,www.citypublicservice.com,sdkumar-namb@cpsenergy.com,Contact,False,True,MUNI
30041,EL120009,CROSBYTON,,"CROSBYTON, CITY OF",XX,XX,XX,XX,XX,TX,XXXXX,8000000000,8000000000,,,,Company / Physical,True,False,MUNI
30042,EL010042,CUERO ELECTRIC UTILITY,,CUERO ELECTRIC UTILITY,WAYNE BERGER,CITY MANAGER,212 EAST MAIN STREET,,CUERO,TX,77954,3612758716,3612756114,,,citymanager@cityofcuero.com,Company / Physical,False,False,MUNI
30042,EL010042,CUERO ELECTRIC UTILITY,,CUERO ELECTRIC UTILITY,WAYNE BERGER,CITY MANAGER,P O  BOX 660,,CUERO,TX,77954,3612758716,,,cityofcuero.com,citymanager@cityofcuero.com,Mailing / PO Box,True,False,MUNI
30042,EL010042,CUERO ELECTRIC UTILITY,,CUERO ELECTRIC UTILITY,WAYNE BERGER,DIRECTOR OF UTILITIES,PO BOX 660,,CUERO,TX,77954,3612756114,3612756114,,cityofcuero.com,wberger@cityofcuero.com,Contact,False,True,MUNI
30046,EL010045,DENTON MUNICIPAL ELECTRIC,,DENTON MUNICIPAL ELECTRIC,CHRISTOPHER LUTRICK,EXECUTIVE MANAGER OF OPERATIONS,1659 SPENCER RD.,,DENTON,TX,76205,9403497653,9403497000,,https://www.cityofdenton.com/331/Denton-Municipal-Electric-DME,Customer.Service@cityofdenton.com,Company / Physical,True,False,MUNI
30046,EL010045,DENTON MUNICIPAL ELECTRIC,,DENTON MUNICIPAL UTILITIES,,BILLING/CUSTOMER SERVICE,601 E HICKORY STREET,,DENTON,TX,76205,9403498700,,,,Customer.Service@cityofdenton.com,Contact,False,True,MUNI
30051,EL010049,ELECTRA ELECTRIC DEPARTMENT,,ELECTRA MUNICIPAL UTILITIES,KIM CRYER,INTERIM CITY ADMINISTRATOR,100 S MAIN,,ELECTRA,TX,76360,9404952146,9404952211,9404953025,,kim.cryer@cityofelectra.com,Company / Physical,False,False,MUNI
30051,EL010049,ELECTRA ELECTRIC DEPARTMENT,,ELECTRA ELECTRIC DEPARTMENT,KIM CRYER,CITY ADMINISTRATOR,100 S MAIN ST,,ELECTRA,TX,76360,9402492149,,9404953025,,kim.cryer@cityofelectra.com,Contact,False,True,MUNI
30056,EL010053,FARMERSVILLE MUNICIPAL LIGHT & POWER,,FARMERSVILLE MUNICIPAL LIGHT & POWER,BENJAMIN WHITE,CITY MANAGER,205 S  MAIN ST,,FARMERSVILLE,TX,75442,9727826151,9727826151,9727826604,,b.white@farmersvilletx.com,Company / Physical,True,False,MUNI
30058,EL010059,FLATONIA ELECTRIC DEPARTMENT,,FLATONIA ELECTRIC DEPT,JACKIE OTT,CITY SECRETARY,125 E  SOUTH MAIN STREET,,FLATONIA,TX,78941,3618653548,3618653548,3618652817,https://www.flatoniatx.gov/page/homepage,citysecretary@ci.flatonia.tx.us,Company / Physical,False,False,MUNI
30058,EL010059,FLATONIA ELECTRIC DEPARTMENT,,FLATONIA ELECTRIC DEPT,,CITY MANAGER,P O  BOX 329,,FLATONIA,TX,78941,3618653548,3618653548,3618652817,https://www.flatoniatx.gov/page/homepage,manager@ci.flatonia.tx.us,Mailing / PO Box,True,False,MUNI
30058,EL010059,FLATONIA ELECTRIC DEPARTMENT,,FLATONIA ELECTRIC DEPARTMENT,JACKIE OTT,CITY SECRETARY,PO BOX 329,,FLATONIA,TX,78941,3618653548,,,,citysecretary@ci.flatonia.tx.us,Contact,False,True,MUNI
30059,EL010057,FLORESVILLE ELECTRIC LIGHT & POWER SYSTEM,,FLORESVILLE ELECTRIC LIGHT & POWER SYSTEM,"J. AARON WAGNER, P.E.",CHIEF EXECUTIVE OFFICER,187 STATE HIGHWAY 97 E,,FLORESVILLE,TX,78114,8302167000,8302167000,8303930362,WWW.FELPS.US,aaron.wagner@felps.us,Company / Physical,True,False,MUNI
30059,EL010057,FLORESVILLE ELECTRIC LIGHT & POWER SYSTEM,,FLORESVILLE ELECTRIC LIGHT & POWER SYSTEM,MARK CROWSON,CHIEF EXECUTIVE OFFICER,187 STATE HIGHWAY 97 E,,FLORESVILLE,TX,78114,8302167000,8303934021,8303930362,WWW.FELPS.US,generalmanager@felps.us,Company / Physical,False,False,MUNI
30059,EL010057,FLORESVILLE ELECTRIC LIGHT & POWER SYSTEM,,FLORESVILLE ELECTRIC LIGHT & POWER SYSTEM,J. AARON WAGNER,CHIEF EXECUTIVE OFFICER,187 STATE HIGHWAY 97 E ,,FLORESVILLE,TX,78114,8302167000,,8303930362,www.felps.us,ceo@felps.us,Contact,False,True,MUNI
30060,EL010060,FLOYDADA ELECTRIC DEPARTMENT,,FLOYDADA ELECTRIC DEPT,DARRELL GOOCH,CITY MANAGER,114 W  VIRGINIA,,FLOYDADA,TX,79235-2717,8069832834,0000000000,8069835542,,floydada-cm@suddenlinkmail.com,Company / Physical,False,False,MUNI
30060,EL010060,FLOYDADA ELECTRIC DEPARTMENT,,** COPY RECORD ** FLOYDADA ELECTRIC DEPT,DARRELL GOOCH,CITY MANAGER,114 W VIRGINIA STREET,,FLOYDADA,TX,79235-2717,8069832834,,8069835542,,floydada-cm@suddenlinkmail.com,Mailing / PO Box,False,False,MUNI
30060,EL010060,FLOYDADA ELECTRIC DEPARTMENT,,** COPY RECORD ** FLOYDADA ELECTRIC DEPT,DARRELL GOOCH,CITY MANAGER,114 W VIRGINIA STREET,,FLOYDADA,TX,79235-2717,8069832834,,8069835542,,floydada-cm@suddenlinkmail.com,Mailing / PO Box,False,False,MUNI
30060,EL010060,FLOYDADA ELECTRIC DEPARTMENT,,FLOYDADA ELECTRIC DEPT,DARRELL GOOCH,CITY MANAGER,114 W VIRGINIA STREET,,FLOYDADA,TX,79235-2717,8069832834,,8069835542,,floydada-cm@suddenlinkmail.com,Mailing / PO Box,True,False,MUNI
30060,EL010060,FLOYDADA ELECTRIC DEPARTMENT,,FLOYDADA POWER AND LIGHT,DARRELL GOOCH,CITY MANAGER,114 W  VIRGINIA ST ,,FLOYDADA,TX,79235-2717,8069832834,,8969835542,,FLOYDADA-CM@SUDDENLINKMAIL.COM,Contact,False,True,MUNI
30062,EL010061,FREDERICKSBURG ELECTRIC UTILITY,,FREDERICKSBURG ELECTRIC UTILITY,CRAIG WALLENDORF,,126 WEST  MAIN STREET ,,FREDERICKSBURG,TX,78624,8309977521,8309902000,8309971861,,cwallendorf@fbgtx.com,Company / Physical,True,False,MUNI
30062,EL010061,FREDERICKSBURG ELECTRIC UTILITY,,FREDERICKSBURG ELECTRIC UTILITY,KYLE TREIBS,ASSISTANT SUPERINTEDENT ELECTRIC DEPARTMENT,126 W  MAIN,,FREDERICKSBURG,TX,78624,8308895813,,,,ktreibs@fbgtx.org,Contact,False,True,MUNI
30063,EL010063,GARLAND POWER & LIGHT SYSTEM,,GARLAND POWER & LIGHT SYSTEM,DARRELL CLINE,GENERAL MANAGER & CEO,217 N. FIFTH ST.,,GARLAND,TX,75040,9722052650,9722053000,9722052636,www.gpltexas.org,info@gpltexas.org,Company / Physical,False,False,MUNI
30063,EL010063,GARLAND POWER & LIGHT SYSTEM,,GARLAND POWER & LIGHT SYSTEM,DARRELL CLINE,GENERAL MANAGER & CEO,P O  BOX 469002,,GARLAND,TX,75046,9722052650,,9722052636,www.gpltexas.org,info@gpltexas.org,Mailing / PO Box,True,False,MUNI
30063,EL010063,GARLAND POWER & LIGHT SYSTEM,,GARLAND POWER & LIGHT SYSTEM,KEVIN SLAY,CUSTOMER SERVICE DIRECTOR,217 N. FIFTH ST.,,GARLAND,TX,75040,9722052650,,9722052636,www.gpltexas.org,kslay@garlandtx.gov,Contact,False,True,MUNI
,EL010064,GARRISON ELECTRIC DEPARTMENT,,GARRISON ELECTRIC DEPARTMENT,,,129 W  GREENWOOD ST ,,GARRISON,TX,75946,4093472201,,4093472201,,,Company / Physical,True,False,MUNI
30065,EL010068,GEORGETOWN UTILITY SYSTEMS,,GEOGETOWN UTILITY SYSTEMS,DAVID MORGAN,CITY MANAGER,808 MARTIN LUTHER KING JR ST,,GEORGETOWN,TX,78626,5129303741,5129303652,,www.georgetown.org,david.morgan@georgetown.org,Company / Physical,True,False,MUNI
30065,EL010068,GEORGETOWN UTILITY SYSTEMS,,GEOGETOWN UTILITY SYSTEMS,DAVID MORGAN,CITY MANAGER,PO BOX 409,,GEORGETOWN,TX,78627-0409,5129303741,5129303652,5129303622,www.georgetown.org,david.morgan@georgetown.org,Mailing / PO Box,False,False,MUNI
30065,EL010068,GEORGETOWN UTILITY SYSTEMS,,GEORGETOWN UTILITY SYSTEMS,LETICIA ZAVALA,CUSTOMER CARE DIRECTOR,300-1 INDUSTRIAL AVE,,GEORGETOWN,TX,78626,5129303675,5129303558,,,leticia.zavala@georgetown.org,Contact,False,True,MUNI
30066,EL010070,GIDDINGS LIGHT & POWER SYSTEM,,GIDDINGS LIGHT & POWER SYSTEM,,,118 E  RICHMOND ST,,GIDDINGS,TX,78942,9795402710,9795402710,,,hgarner@giddings.net,Company / Physical,True,False,MUNI
30067,EL010073,GOLDSMITH CITY GOVERNMENT,,GOLDSMITH CITY GOVERNMENT,BENNIE COPE,UTILITY MANAGER,206 WEST GULF STREET,,GOLDSMITH,TX,79741-0629,4328273404,4328273404,4328273937,,bennie2559@aol.com,Company / Physical,False,False,MUNI
30067,EL010073,GOLDSMITH CITY GOVERNMENT,,GOLDSMITH CITY GOVERNMENT,SHANNA BAVOUSETT,CITY SECRETARY,P O  BOX 629,,GOLDSMITH,TX,79741-0629,4328273404,4328273404,4328273937,,cityofgoldsmith@aol.com,Mailing / PO Box,True,False,MUNI
30067,EL010073,GOLDSMITH CITY GOVERNMENT,,GOLDSMITH CITY GOVERNMENT,VICKIE EMFINGER,CITY SECRETARY,P O  BOX 629,,GOLDSMITH,TX,79741,4328273404,,4328273937,,vickie0323@aol.com,Contact,False,True,MUNI
30068,EL010071,GOLDTHWAITE UTILITIES,,GOLDTHWAITE UTILITIES,,,1218 FISHER ST,,GOLDTHWAITE,TX,76844,3256483186,3256483186,3256482570,,city@centex.net,Company / Physical,False,False,MUNI
30068,EL010071,GOLDTHWAITE UTILITIES,,GOLDTHWAITE UTILITIES,ROBERT E LINDSEY,CITY MANAGER,P O  BOX 450,,GOLDTHWAITE,TX,76844,3256483186,,3256482570,,citymgr@centex.net,Mailing / PO Box,True,False,MUNI
30069,EL010072,GONZALES ELECTRIC SYSTEM,,"GONZALES - GONZALES, TX",TIMOTHY L. CROW,CITY MANAGER,820 SAINT JOSEPH STREET,,GONZALES,TX,78629,8306722815,8006722815,8306722813,,citymanager@gonzales.texas.gov,Company / Physical,False,False,MUNI
30069,EL010072,GONZALES ELECTRIC SYSTEM,,GONZALES ELECTRIC SYSTEM,TIMOTHY L. CROW,CITY MANAGER,P O  BOX 547,,GONZALES,TX,78629,8306722815,8006722815,,,citymanager@gonzales.texas.gov,Mailing / PO Box,True,False,MUNI
30070,EL010074,GRANBURY MUNICIPAL ELECTRIC DEPARTMENT,,GRANBURY MUNICIPAL ELECTRIC DEPARTMENT,CHRIS COFFMAN,CITY MANAGER,116 WEST BRIDGE ST.,,GRANBURY,TX,76048,8175737030,8175737030,8175735591,https://www.granbury.org/,ccoffman@granbury.org,Company / Physical,True,False,MUNI
30070,EL010074,GRANBURY MUNICIPAL ELECTRIC DEPARTMENT,,GRANBURY MUNICIPAL ELECTRIC DEPARTMENT,CHRIS COFFMAN,CITY MANAGER,116 WEST BRIDGE ST,,GRANBURY,TX,76048,81757371114,8175737030,8175735591,https://www.granbury.org/,ccoffman@granbury.org,Contact,False,True,MUNI
30073,EL010076,GREENVILLE ELECTRIC UTILITY SYSTEM,GEUS,GREENVILLE ELECTRIC UTILITY SYSTEM,WILLIAM SHEPHERD,GENERAL MANAGER,6000 JOE RAMSEY BLVD,,GREENVILLE,TX,75402,9034572811,9034572811,9034572893,www.geus.org,wshepherd@geus.org,Company / Physical,True,False,MUNI
30073,EL010076,GREENVILLE ELECTRIC UTILITY SYSTEM,GEUS,GREENVILLE ELECTRIC UTILITY SYSTEM,MICAH HARRIS,CUSTOMER SERVICE MANAGER,2810 WESLEY ST,,GREENVILLE,TX,75401,9034572800,,9034572893,www.geus.org,customerservice@geus.org,Contact,False,True,MUNI
30078,EL010078,HALLETTSVILLE MUNICIPAL UTILITIES,,HALLETTSVILLE MUNICIPAL UTILITIES,GRACE WARD,CITY ADMINISTRATOR/SECRETARY,101 N  MAIN STREET,,HALLETTSVILLE,TX,77964,3617983681,3617982201,3617985952,cityofhallettsville.org,cityadmin@cityofhallettsville.org,Company / Physical,True,False,MUNI
30078,EL010078,HALLETTSVILLE MUNICIPAL UTILITIES,,HALLETTSVILLE MUNICIPAL UTILITIES,GRACE WARD,CITY ADMINISTRATOR/ SECRETARY,101 N  MAIN,,HALLETTSVILLE,TX,77964,3617983681,,3617985083,,CITYADMIN@CITYOFHALLETTSVILLE.ORG,Contact,False,True,MUNI
30078,EL010078,HALLETTSVILLE MUNICIPAL UTILITIES,,HALLETTSVILLE MUNICIPAL UTILITIES,ALICE JO SUMMERS,,101 N  MAIN,,HALLETTSVILLE,TX,77964,3617983681,,3617985952,,AJSUMMERS3196@ATT.NET,Contact,False,True,MUNI
30078,EL010078,HALLETTSVILLE MUNICIPAL UTILITIES,,HALLETTSVILLE MUNICIPAL UTILITIES,OTTO CERVENKA,DIRECTOR OF PUBLIC WORKS,101 N  MAIN,,HALLETTSVILLE,TX,77964,3617982201,,3617985324,,OCERVENKA@CITYOFHALLETTSVILLE.ORG,Contact,False,True,MUNI
30081,EL010079,HEARNE MUNICIPAL ELECTRIC SYSTEM,,HEARNE MUNICIPAL ELECTRIC SYSTEM,,,210 CEDAR ST   BLDG  B,,HEARNE,TX,77859,4092793461,,4092792431,,,Company / Physical,True,False,MUNI
30081,EL010079,HEARNE MUNICIPAL ELECTRIC SYSTEM,,Dorothy Cooper,City Secretary,,,,,TX,,,,,,citymanager@cityofhearne.com; publicworks@cityofhearne.com; cityssecretary@cityofhearne.com,Contact,False,True,MUNI
,EL010085,HEMPHILL CITY GOVERNMENT,,HEMPHILL CITY GOVERNMENT,,,210 STARR ST ,,HEMPHILL,TX,75948,4097872251,,4097872259,,,Company / Physical,False,False,MUNI
,EL010085,HEMPHILL CITY GOVERNMENT,,HEMPHILL CITY GOVERNMENT,,,P O  BOX 788,,HEMPHILL,TX,75948,4097872251,,,,,Mailing / PO Box,True,False,MUNI
,EL010085,HEMPHILL CITY GOVERNMENT,,,,,,,,TX,,,,,,hemphill2@sabinenet.com,Contact,False,True,MUNI
30082,EL010082,HEMPSTEAD ELECTRIC DEPARMENT,,CITY OF HEMPSTEAD,KATHERINE WARD,MAYOR,1125 AUSTIN ST,,HEMPSTEAD,TX,77445,9798262486,9798262486,9798266703,https://www.hempsteadcitytx.com/,KWARD@HELPSTEADCITYTX.GOV,Company / Physical,True,False,MUNI
30084,EL010084,HONDO ELECTRIC SYSTEM,,HONDO ELECTRIC SYSTEM,VAL SANCHEZ,ELECTRIC SUPERINTENDENT,1000 AVENUE Y,,HONDO,TX,78861,8307415077,8307415077,,,vsanchez@hondo-tx.org,Company / Physical,True,False,MUNI
30084,EL010084,HONDO ELECTRIC SYSTEM,,HONDO ELECTRIC SYSTEM,SAMANTHA BURNS,ADMIN ASST PUBLIC WORKS,1600 AVE  M,,HONDO,TX,,8307415077,,,,sburns@hondo-tx.org,Contact,False,True,MUNI
30090,EL010087,JASPER LIGHT & POWER SYSTEM,,JASPER LIGHT & POWER SYSTEM,DANNY WADE,DIRECTOR,465 SOUTH MAIN STREET,,JASPER,TX,75951,4093844651,,4093843790,,,Company / Physical,False,False,MUNI
30090,EL010087,JASPER LIGHT & POWER SYSTEM,,JASPER LIGHT & POWER SYSTEM,DANNY WADE ,DIRECTOR,PO BOX 610,,JASPER,TX,75951,,,,,,Mailing / PO Box,True,False,MUNI
30090,EL010087,JASPER LIGHT & POWER SYSTEM,,,,,,,,TX,,,,,,ecarjr@jas.net,Contact,False,True,MUNI
30090,EL010087,JASPER LIGHT & POWER SYSTEM,,Secondary contact,,,,,,TX,,,,,,electricdept@jas.net,Contact,False,True,MUNI
30187,EL010092,KERRVILLE PUBLIC UTILITY BOARD,,KERRVILLE PUBLIC UTILITY BOARD,,,2250 MEMORIAL BLVD ,,KERRVILLE,TX,78028,8302573050,8302572883,8302578078,www.kpub.com,custserv@kpub.com,Company / Physical,False,False,MUNI
30187,EL010092,KERRVILLE PUBLIC UTILITY BOARD,,KERRVILLE PUBLIC UTILITY BOARD,CUSTOMER SERVICE,,P O  BOX 294999,,KERRVILLE,TX,78029-4999,8302573050,,,www.kpub.com,custserv@kpub.com,Mailing / PO Box,True,False,MUNI
30187,EL010092,KERRVILLE PUBLIC UTILITY BOARD,,KERRVILLE PUBLIC UTILITY BOARD,JO ANDERSON,CUSTOMER SERVICE SUPV ,P O  BOX 294999,,KERRVILLE,TX,78029-4999,8307928223,,,,janderson@kpub.com,Contact,False,True,MUNI
30096,EL010094,KIRBYVILLE LIGHT & POWER COMPANY,,KIRBYVILLE LIGHT & POWER COMPANY,,,107 S  ELIZABETH ST ,,KIRBYVILLE,TX,75956,4094234659,,4094233664,,,Company / Physical,True,False,MUNI
30096,EL010094,KIRBYVILLE LIGHT & POWER COMPANY,,Euleen Smith,City Secretary,,,,,TX,,,,,,cityki@inu.net,Contact,False,True,MUNI
30097,EL010103,LA GRANGE UTILITIES,,LA GRANGE UTILITIES,JACK THOMPSON,CITY MANAGER,155 E  COLORADO STREET,,LA GRANGE,TX,78945,9799683127,9799685805,9799685743,www.cityoflg.com,jthompson@cityoflg.com,Company / Physical,True,False,MUNI
30097,EL010103,LA GRANGE UTILITIES,,LA GRANGE UTILITIES,JACK THOMPSON,CITY MANAGER,155 E COLORADO,,LA GRANGE,TX,78945,9799685805,9799683127,9799685743,,jthompson@cityoflg.com,Contact,False,True,MUNI
30100,EL010096,LAMPASAS PUBLIC UTILITIES,,LAMPASAS PUBLIC UTILITIES,ROBYN WHITE,PUBLIC WORKS ADMIN ASSISTANT,312 EAST THIRD STREET,,LAMPASAS,TX,76550,5125566831,5125568315,5125562078,,robyn@cityoflampasas.com,Company / Physical,True,False,MUNI
30100,EL010096,LAMPASAS PUBLIC UTILITIES,,LAMPASAS PUBLIC UTILITIES,ROBYN WHITE,PUBLIC WORKS ADMIN ASSISTANT,312 EAST THIRD ST ,,LAMPASAS,TX,76550,5125568315,5125566831,5125562074,,ROBYN@CITYOFLAMPASAS.COM,Contact,False,True,MUNI
30102,EL010100,LEXINGTON MUNICIPAL ELECTRIC DEPARTMENT,,LEXINGTON MUNICIPAL ELECTRIC DEPARTMENT,PAM COX,CITY SECRETARY,PO BOX 56,,LEXINGTON,TX,78947,4097732221,,4097734878,,cityoflexington@reveillebroadband.com,Company / Physical,False,False,MUNI
30102,EL010100,LEXINGTON MUNICIPAL ELECTRIC DEPARTMENT,,LEXINGTON MUNICIPAL ELECTRIC DEPARTMENT,PAM COX,CITY SECRETARY,P O  BOX 56,,LEXINGTON,TX,78947,4097732221,,,,cityoflexington@reveillebroadband.com,Mailing / PO Box,True,False,MUNI
30102,EL010100,LEXINGTON MUNICIPAL ELECTRIC DEPARTMENT,,CITY OF LEXINGTON,TINA BIEHLE,CITY SECRETARY,604 WHEATLEY,PO BOX 56,LEXINGTON,TX,78947,9797732221EXT3,9797160658,9797733649,,TINA@CITYOFLEXINGTONTX.COM,Contact,False,True,MUNI
30103,EL010105,LIBERTY MUNICIPAL ELECTRIC SYSTEM,,LIBERTY MUNICIPAL ELECTRIC SYSTEM,,,1829 SAM HOUSTON,,LIBERTY,TX,77575,4093363684,,4093369846,,,Company / Physical,True,False,MUNI
30107,EL010106,LLANO UTILITIES,,LLANO UTILITIES,MARTY MANGUM,CITY MANAGER,301 W  MAIN STREET,,LLANO,TX,78643,3252474158,3252474158,3252474150,www.llanotx.com,cityadministrator@cityofllano.com,Company / Physical,True,False,MUNI
30107,EL010106,LLANO UTILITIES,,CITY OF LLANO,BRENNA OWENS,UTILITY SUPERVISOR,301 WEST MAIN,,LLANO,TX,78643,3252474158,,3252474150, www.llanotx.com,Bowens@cityofllano.com,Contact,False,True,MUNI
30108,EL010108,LOCKHART UTILITIES,,LOCKHART UTILITIES,STEVE LEWIS,CITY MANAGER,308 W  SAN ANTONIO ST,,LOCKHART,TX,78644,5123983461,5123983461,5123985103,,slews@lockhart-tx.org,Company / Physical,False,False,MUNI
30108,EL010108,LOCKHART UTILITIES,,LOCKHART UTILITIES,STEVE LEWIS,CITY MANAGER,P O  BOX 239,,LOCKHART,TX,78644,5123983461,,,,slewis@lockhart-tx.org,Mailing / PO Box,True,False,MUNI
30108,EL010108,LOCKHART UTILITIES,,LOCKHART UTILITIES,BOBBY LEOS,ELECTRIC SUPERINTENDENT,214 BUFKIN LN,,LOCKHART,TX,78644,5123986117,,,,bleos@lockhart-tx.org,Contact,False,True,MUNI
30108,EL010108,LOCKHART UTILITIES,,CITY OF LOCKHART,STEVE LEWIS,CITY MANAGER,308 W SAN ANTONIO ST,,LOCKHART,TX,78644,5123983461,,,,slewis@lockhart-tx.org,Contact,False,True,MUNI
30111,EL010097,LUBBOCK POWER & LIGHT SYSTEM,LP&L,"CITY OF LUBBOCK, ACTING BY AND THROUGH LUBBOCK POWER & LIGHT",OLIVIA PIERCE,EXECUTIVE ASSISTANT,1314 AVE. K 5TH FLOOR,,LUBBOCK,TX,79401,8067752501,8067752501,8067753112,http://www.lpandl.com/,OPierce@mylubbock.us,Company / Physical,False,False,MUNI
30111,EL010097,LUBBOCK POWER & LIGHT SYSTEM,LP&L,LUBBOCK POWER & LIGHT SYSTEM,MATTHEW ROSE,CHIEF PUBLIC AFFAIRS OFFICER,1314 AVENUE K,5TH FLOOR,LUBBOCK,TX,79401,8067753581,,8067753112,,MRose@mylubbock.us; marketops@mylubbock.us,Contact,False,True,MUNI
30112,EL010110,LULING UTILITIES,,LULING UTILITIES,MARK MCCLAUGHLIN,CITY MANAGER,509 E  CROCKETT ST,,LULING,TX,78648,8308752481,8308752481,8308752038,,mcmlaughlin@cityofluling.net,Company / Physical,False,False,MUNI
30112,EL010110,LULING UTILITIES,,LULING UTILITIES,MARK MCLAUGHLIN,CITY MANAGER,P O  BOX 630,,LULING,TX,78648,8308752481,8308752481,,,mmclaughlin@cityofluling.net,Mailing / PO Box,True,False,MUNI
30117,EL010112,MASON UTILITIES,,MASON UTILITIES,JOHN PALACIO,CITY ADMINISTRATOR,124 MOODY STREET,,MASON,TX,76856,3253476449,3253476556,3253475955,,john.palacio@cityofmason.us,Company / Physical,False,False,MUNI
30117,EL010112,MASON UTILITIES,,MASON UTILITIES,JOHN PALACIO,CITY ADMINISTRATOR,P O  BOX 68,,MASON,TX,76856,,,,,john.palacio@cityofmason.us,Mailing / PO Box,True,False,MUNI
30117,EL010112,MASON UTILITIES,,MASON UTILITIES,BRIAN BOUDREAUX,CITY ADMINISTRATOR,P O  BOX 68,,MASON,TX,76856,3253476449,3253476556,3253475955,,admincom@tstar.net,Contact,False,True,MUNI
30121,EL010115,MOULTON ELECTRIC DEPARTMENT,,MOULTON ELECTRIC DEPARTMENT,LUANN ROGERS,CITY ADMINISTRATOR,102 S  WEST ST,,MOULTON,TX,77975,3615964621,3615964621,3615967075,https://www.cityofmoulton.com/,citysec@cityofmoulton.com,Company / Physical,False,False,MUNI
30121,EL010115,MOULTON ELECTRIC DEPARTMENT,,MOULTON ELECTRIC DEPARTMENT,LUANN ROGERS,CITY ADMINISTRATOR,BOX 369,,MOULTON,TX,77975,3615964621,3615964621,3615967075,https://www.cityofmoulton.com/,citysec@cityofmoulton.com,Mailing / PO Box,True,False,MUNI
30123,EL010119,NEW BRAUNFELS UTILITIES,,NEW BRAUNFELS UTILITIES,JUSTIN GREEN,DIRECTOR OF ELECTRIC SERVICES,355 FM 306,,NEW BRAUNFELS,TX,78130,8306088823,8666298400,8306088814,www.nbutexas.com,jugreen@nbutexas.com,Company / Physical,False,False,MUNI
30123,EL010119,NEW BRAUNFELS UTILITIES,,NEW BRAUNFELS UTILITIES,,,263 MAIN PLAZA,,NEW BRAUNFELS,TX,78130,8306298400,8666298400,,,customerservice@nbutexas.com,Contact,False,True,MUNI
30181,EL010121,NEWTON MUNICIPAL UTILITIES,,CITY OF NEWTON,DONALD H MEEK,CITY ADMINISTRATOR,101 N ST.,,NEWTON,TX,75966,4093795061,4093795061,4093795065,www.cityofnewton.com,donnie@newtontexas.org,Company / Physical,True,False,MUNI
30181,EL010121,NEWTON MUNICIPAL UTILITIES,,NEWTON MUNICIPAL UTILITIES,DONALD H MEEK,CITY ADMINISTRATOR,P O  BOX 889,,NEWTON,TX,75966,4093795061,4093795061,4093795065,www.cityofnewton.com,donnie@newtontexas.org,Mailing / PO Box,False,False,MUNI
30132,EL010134,ROBSTOWN UTILITY SYSTEM,,ROBSTOWN UTILITY SYSTEMS,ROLAND L RAMOS,SUPERINTENDENT,101 E  MAIN STREET,,ROBSTOWN,TX,78380,3613873554,3613873554,3613879353,www.robstownutilitysystems.org,roland@cityofrobstown.com,Company / Physical,False,False,MUNI
30132,EL010134,ROBSTOWN UTILITY SYSTEM,,ROBSTOWN UTILITY SYSTEMS,ROLAND L RAMOS,SUPERINTENDENT,P O  BOX 71,,ROBSTOWN,TX,78380,3613873554,,,www.robstownutilitysystems.org,roland@robstownutilities.com,Mailing / PO Box,True,False,MUNI
30132,EL010134,ROBSTOWN UTILITY SYSTEM,,ROBSTOWN UTILITY SYSTEM,ROLAND L RAMOS,SUPERINTENDENT OF UTILITIES,101 E  MAIN ST ,,ROBSTOWN,TX,78380,3613873554,,3613879353,www.robstownutilitysystems.org,roland@robstownutilities.com,Contact,False,True,MUNI
30135,EL010136,SAN AUGUSTINE LIGHT & WATER DEPARTMENT,,SAN AUGUSTINE LIGHT & WATER DEPT,,,301 S  HARRISON STREET,,SAN AUGUSTINE,TX,75972,9362752121,9362752121,9362759146,City Of San Augustine,info@cityofsanaugustinetx.gov,Company / Physical,True,False,MUNI
30184,EL010148,SAN MARCOS ELECTRIC UTILITY,,SAN MARCOS TX UTILITIES,TYLER J. HJORTH,DIRECTOR OF UTILITIES,630 E HOPKINS ST,,SAN MARCOS,TX,78666,5123938300,5123938300,,www.sanmarcostx.gov,smeu_info@sanmarcostx.gov,Company / Physical,True,False,MUNI
30184,EL010148,SAN MARCOS ELECTRIC UTILITY,,SAN MARCOS TX UTILITES,BRIAN MCHENRY,ASSISTANT DIRECTOR-UTILITES,63O E HOPKINS ST,,SAN MARCOS,TX,78666,8172015812,5123938300,,,BMcHenry@sanmarcostx.gov,Contact,False,True,MUNI
30186,EL010156,SAN SABA CITY OF,,SAN SABA CITY OF,,,303 S  CLEAR ST ,,SAN SABA,TX,76877-0788,9153725144,,9153723989,,sansaba@centex.net,Company / Physical,True,False,MUNI
30186,EL010156,SAN SABA CITY OF,,SAN SABA CITY OF,,,P O  BOX 788,,SAN SABA,TX,76877-0788,9153725144,,,,,Mailing / PO Box,False,False,MUNI
30186,EL010156,SAN SABA CITY OF,,Cindy Stafford,Administrative Assistant,,PO Box 788,,San Saba,TX,76877,9153725144,,9153723989,,sansaba@centex.net,Contact,False,True,MUNI
30138,EL010147,SANGER ELECTRIC SYSTEM,,CITY OF SANGER TEXAS,JOHN NOBLITT,CITY MANAGER,503 ELM STREET,,SANGER,TX,76266,9404587930,9403919423,9404584180,https://www.sangertexas.org/,JNoblitt@sangertexas.org,Company / Physical,False,False,MUNI
30138,EL010147,SANGER ELECTRIC SYSTEM,,CITY OF SANGER TEXAS,JOHN NOBLITT,CITY MANAGER,P O  BOX 1729,,SANGER,TX,76266,9404587930,9404587930,9404584180,https://www.sangertexas.org/,jnoblitt@sangertexas.org,Mailing / PO Box,True,False,MUNI
30139,EL010138,SCHULENBURG UTILITIES DEPARTMENT,,SCHULENBURG UTILITIES DEPARTMENT,TAMI WALKER,CITY ADMINISTRATOR,535 N MAIN STREET,,SCHULENBURG,TX,78956,9797434126,9797434126,9797434760,https://schulenburgtx.org/,t.walker@schulenburgtx.org,Company / Physical,False,False,MUNI
30139,EL010138,SCHULENBURG UTILITIES DEPARTMENT,,SCHULENBURG UTILITIES DEPARTMENT,TAMI WALKER,CITY ADMINISTRATOR,P O  BOX 8,,SCHULENBURG,TX,78956,9797434126,9797434126,9797434760,https://schulenburgtx.org/,t.walker@schulenburgtx.org,Mailing / PO Box,True,False,MUNI
30140,EL010139,SEGUIN ELECTRIC SYSTEM,,SEGUIN ELECTRIC SYSTEM,RICK CORTES,DEPUTY CITY MANAGER,210 E  GONZALES,P O  BOX 591,SEGUIN,TX,78156,8303793212,8304012401,8304012499,www.seguintexas.gov,utility@seguintexas.gov,Company / Physical,False,False,MUNI
30140,EL010139,SEGUIN ELECTRIC SYSTEM,,** COPY RECORD ** SEGUIN ELECTRIC SYSTEM,CLARENCE SMITH,DIRECTOR OF UTILITIES,P O  BOX 591,,SEGUIN,TX,78156,8303793212,,,www.seguintexas.gov,csmith@seguintexas.gov,Mailing / PO Box,False,False,MUNI
30140,EL010139,SEGUIN ELECTRIC SYSTEM,,SEGUIN ELECTRIC SYSTEM,CLARENCE SMITH,DIRECTOR OF UTILITIES,P O  BOX 591,,SEGUIN,TX,78156,8303793212,,,www.seguintexas.gov,csmith@seguintexas.gov,Mailing / PO Box,True,False,MUNI
30140,EL010139,SEGUIN ELECTRIC SYSTEM,,SEGUIN ELECTRIC SYSTEM,RICK CORTES,DEPUTY CITY MANAGER,PO  BOX 591,,SEGUIN,TX,78156,8303793212,,,,rcortes@seguintexas.gov,Contact,False,True,MUNI
30142,EL010163,SEYMOUR CITY GOVERNMENT,,SEYMOUR CITY GOVERNMENT,DR. JEFFREY BRASHER,CITY ADMINISTRATOR,301 WASHINGTON STREET,,SEYMOUR,TX,76380,9408893148,9408893148,9408898882,https://cityofseymour.org/,ctorrez@cityofseymour.org,Company / Physical,False,False,MUNI
30142,EL010163,SEYMOUR CITY GOVERNMENT,,SEYMOUR CITY GOVERNMENT,,,P O  BOX 31,,SEYMOUR,TX,76380,9408883148,,,,ctorrez@cityofseymour.org,Mailing / PO Box,True,False,MUNI
30142,EL010163,SEYMOUR CITY GOVERNMENT,,SEYMOUR CITY GOVERNMENT,SECONDARY ADDRESS,,,,,TX,,,,,,esimpson@cityofseymour.org,Contact,False,True,MUNI
30142,EL010163,SEYMOUR CITY GOVERNMENT,,SEYMOUR CITY GOVERNMENT,JOE SHEPHARD   CITY MANAGER,,PO BOX 31,,SEYMOUR,TX,76380-0031,,,,,jshepard@dtnspeed.net,Contact,False,True,MUNI
30143,EL010142,SHINER LIGHT & WATER UTILITIES,,SHINER LIGHT & WATER UTILITIES,NATALIE FRIC,CITY SECRETARY,810 N AVENUE E,,SHINER,TX,77984,3615943362,3615943362,,https://www.shinertexas.gov/,natalie.fric@shinertexas.gov,Company / Physical,False,False,MUNI
30143,EL010142,SHINER LIGHT & WATER UTILITIES,,SHINER LIGHT & WATER UTILITIES,NATALIE FRIC,CITY SECRETARY,P O  BOX 308,,SHINER,TX,77984,3615943362,3615943362,,https://www.shinertexas.gov/,natalie.fric@shinertexas.gov,Mailing / PO Box,True,False,MUNI
30144,EL010145,SMITHVILLE UTILITIES DEPARTMENT,,SMITHVILLE UTILITIES DEPARTMENT,TEX MIDDLEBROOK,CITY MANAGER,317 MAIN STREET,,SMITHVILLE,TX,78957,5122373267,5122373282,5122374549,,Texmid@aol.com,Company / Physical,False,False,MUNI
30144,EL010145,SMITHVILLE UTILITIES DEPARTMENT,,SMITHVILLE UTILITIES DEPARTMENT,TEX MIDDLEBROOK,CITY MANAGER,P O  BOX 449,317 MAIN STREET,SMITHVILLE,TX,78957,5122373267,5122373282,5122374549,www.ci.smithville.tx.us,texmid@aol.com,Mailing / PO Box,True,False,MUNI
30144,EL010145,SMITHVILLE UTILITIES DEPARTMENT,,SMITHVILLE UTILITIES DEPARTMENT,TEX MIDDLEBROOK,CITY MANAGER,P O  BOX 449,317 MAIN ST ,SMITHVILLE,TX,78957,5122373267,5122373282,5122374549,,texmid@aol.com,Contact,False,True,MUNI
30159,EL010169,TEXAS MUNICIPAL POWER AGENCY,,TEXAS MUNICIPAL POWER AGENCY,DANIEL MEADOWS,GENERAL MANAGER,2751 NASH ST,SUITE 130,BRYAN,TX,77802,9792094612,9792094612,,www.texasmpa.org/home.htm,dmeadows@texasmpa.org,Company / Physical,False,False,MUNI
30159,EL010169,TEXAS MUNICIPAL POWER AGENCY,,TEXAS MUNICIPAL POWER AGENCY,DANIEL MEADOWS,GENERAL MANAGER,P O  BOX 7000,,BRYAN,TX,77805-7000,9792094612,,,,dmeadows@texasmpa.org,Mailing / PO Box,True,False,MUNI
30159,EL010169,TEXAS MUNICIPAL POWER AGENCY,,TEXAS MUNICIPAL POWER AGENCY,DANIEL MEADOWS,GENERAL MANAGER,PO BOX 7000,,BRYAN,TX,77805,9792094612,,,, dmeadows@texasmpa.org,Contact,False,True,MUNI
,EL070036,TEXAS PUBLIC POWER ASSOCIATION,TPPA,TEXAS PUBLIC POWER ASSOCIATION,SHELLY BOTKIN,EXECUTIVE DIRECTOR,3410 FAR WEST BLVD.,SUITE 280,AUSTIN,TX,78731,5122975228,5124725965,,,sbotkin@tppa.com,Company / Physical,True,False,MUNI
30161,EL010166,TIMPSON LIGHT & WATER DEPARTMENT,,CITY OF TIMPSON,LETITIA POINDEXTER,CITY SECRETARY,456 JACOB ST.,,TIMPSON,TX,75975,9362542421,9362542422,9362542933,www.cityoftimpson.com,citysecretary@cityoftimpson.com,Company / Physical,False,False,MUNI
30161,EL010166,TIMPSON LIGHT & WATER DEPARTMENT,,CITY OF TIMPSON,LETITIA POINDEXTER,CITY SECRETARY,P O  BOX 369,,TIMPSON,TX,75975,9362542421,,9362542933,www.cityoftimpson.com,citysecretary@cityoftimpson.com,Mailing / PO Box,True,False,MUNI
30161,EL010166,TIMPSON LIGHT & WATER DEPARTMENT,,TIMPSON LIGHT & WATER DEPARTMENTS,LETITIA POINDEXTER,CITY SECRETARY,PO BOX 369,,TIMPSON,TX,75975,9362542421,9362542422,9362542933,www.cityoftimpson.com,citysecretary@cityoftimpson.com,Contact,False,True,MUNI
30163,EL010167,TULIA MUNICIPAL POWER & LIGHT,,TULIA MUNICIPAL POWER & LIGHT,STEVE STOUT,PUBLIC UTILITIES DIRECTOR,127 S W  2ND,P O  BOX 847,TULIA,TX,79088,8069953547,8069953547,8069952331,,sstout@tulia-tx.gov,Company / Physical,True,False,MUNI
30163,EL010167,TULIA MUNICIPAL POWER & LIGHT,,TULIA MUNICIPAL POWER & LIGHT,STEVE STOUT,PUBLIC UTILITIES DIR ,P O  BOX 847,,TULIA,TX,79088,8069953547,,8069952331,,sstout@tulia-tx.gov,Contact,False,True,MUNI
30167,EL010175,WAELDER ELECTRIC DEPARTMENT,,CITY OF WAELDER,PAUL ZEPEDA,CITY MANAGER,P O BOX 427,,WAELDER,TX,78959,8307887331,8307887331,8307887432,,citymanager@waeldertexas.gov,Company / Physical,False,False,MUNI
30167,EL010175,WAELDER ELECTRIC DEPARTMENT,,CITY OF WAELDER,PAUL ZEPEDA,CITY MANAGER,P O  BOX 427,,WAELDER,TX,78959,8307887331,8307887331,,,citymanager@waeldertexas.gov,Mailing / PO Box,True,False,MUNI
30168,EL010177,WEATHERFORD MUNICIPAL UTILITY SYSTEM,,WEATHERFORD MUNICIPAL UTILITY SYSTEM,JOE FARLEY,DIRECTOR OF ELECTRIC UTILITIES,917 EUREKA STREET,,WEATHERFORD,TX,76086,8175984272,8175984000,8175984140,,jfarley@weatherfordtx.gov,Company / Physical,True,False,MUNI
30168,EL010177,WEATHERFORD MUNICIPAL UTILITY SYSTEM,,WEATHERFORD MUNICIPAL UTILITY SYSTEM,ANDREA MCDONALD,CITY SECRETARY,917 EUREKA STREET,,WEATHERFORD,TX,76086,8175984202,,8175984140,,amcdonald@weatherfordtx.gov  ,Contact,False,True,MUNI
30169,EL010181,WEIMAR ELECTRIC UTILITIES,,WEIMAR ELECTRIC UTILITIES,DONALD D. DIXSON JR.,CITY MANAGER,106 E MAIN ST,,WEIMAR,TX,78962,9797258554,9797258554,9797258488,,ddixson@weimartx.gov,Company / Physical,False,False,MUNI
30169,EL010181,WEIMAR ELECTRIC UTILITIES,,WEIMAR ELECTRIC UTILITIES,DONALD D. DIXSON JR.,CITY MANGER,106 E MAIN ST.,,WEIMAR,TX,78962,9797258554,,,weimartexas.org,ddixson@weimartx.gov,Mailing / PO Box,True,False,MUNI
30169,EL010181,WEIMAR ELECTRIC UTILITIES,,WEIMAR ELECTRIC UTILITIES,DAVID MASON,FINANCE DIRECTOR,106 E MAIN ST,,WEIMAR,TX,78962,9797258554,,,,dmason@weimartx.gov,Contact,False,True,MUNI
,EL010006,WEST TEXAS MUNICIPAL POWER AGENCY,,WEST TEXAS MUNICIPAL POWER AGENCY,,,,,LUBBOCK,TX,79457,8067672501,,8067639711,,,Company / Physical,False,False,MUNI
,EL010006,WEST TEXAS MUNICIPAL POWER AGENCY,,WEST TEXAS MUNICIPAL POWER AGENCY,,,P O  BOX 2000,,LUBBOCK,TX,79457,8067672501,,,,,Mailing / PO Box,True,False,MUNI
30173,EL010180,WHITESBORO ELECTRIC UTILITY,,WHITESBORO ELECTRIC UTILITY,PHIL HARRIS,CITY ADMINISTRATOR,111 W MAIN STREET,,WHITESBORO,TX,76273,9035644005,9035644005,9035646015,,PHARRIS@WHITESBOROTEXAS.COM,Company / Physical,False,False,MUNI
30173,EL010180,WHITESBORO ELECTRIC UTILITY,,WHITESBORO ELECTRIC UTILITY,PHIL HARRIS,CITY SECRETARY,P O  BOX 340,,WHITESBORO,TX,76273,9035644005,,,,pharris@whitesborotexas.com,Mailing / PO Box,True,False,MUNI
30173,EL010180,WHITESBORO ELECTRIC UTILITY,,WHITESBORO ELECTRIC UTILITY,TERESA NINO,CITY SECRETARY,PO  BOX 340,,WHITESBORO,TX,76273,9035643311,,,,tnino@whitesborotexas.com,Contact,False,True,MUNI
30177,EL010184,YOAKUM MUNICIPAL UTILITIES,,YOAKUM MUNICIPAL UTILITIES,MICHAEL MITCHELL,CITY MANAGER,808 HWY 77A SOUTH,,YOAKUM,TX,77995,3612936321,3612936321,3612933318,www.cityofyoakum.org,citymanager@yoakumtx.gov,Company / Physical,False,False,MUNI
30177,EL010184,YOAKUM MUNICIPAL UTILITIES,,YOAKUM MUNICIPAL UTILITIES,MICHAEL MITCHELL,CITY MANAGER,808 HWY 77A SOUTH,P O  BOX 738,YOAKUM,TX,77995,3612936321,3612936322,3612933318,,citymanager@yoakumtx.gov,Contact,False,True,MUNI

